{
    "contractTotalAmount": "100万",
    "diffCount": 3,
    "diff": [
        {
            "description": "描述：订立时间不同。/n不同之处的位置：第109页。/n盖章前：***。/n盖章后：***。/n类别：内容缺失|文本变更|数字变更"
        },
        {
            "description": "描述：订立时间不同。/n不同之处的位置：第109页。/n盖章前：***。/n盖章后：***。/n类别：内容缺失|文本变更|数字变更"
        }
    ]
}