{
    "contractTotalAmount": "玖仟肆佰零壹万玖仟捌佰柒拾伍元陆角（¥94019875.6元）",
    "diffCount": 4,
    "contractDiffAnalysis": [
        {
            "description": "描述：工程概况中的资金来源和工程内容及规模不同。\n不同之处的位置：合同协议书第1页。\n盖章前：资金来源： 。工程内容及规模： 。\n盖章后：资金来源：财政资金。工程内容及规模：[具体改造范围和长度等描述]。\n类别：内容缺失"
        },
        {
            "description": "描述：签约合同价及各分项金额不同。\n不同之处的位置：合同协议书第2-3页。\n盖章前：签约合同价（含税）为：人民币（大写)元（¥ 元）；设计费（含税）：人民币（大写) 元（¥ 元）；建筑安装工程费（含税）：人民币（大写)（¥元）等。\n盖章后：签约合同价（含税）为：人民币玖仟肆佰零壹万玖仟捌佰柒拾伍元陆角（¥94019875.6元）；设计费（含税）：[具体金额]；建筑安装工程费（含税）：[具体金额]等。\n类别：数字变更"
        },
        {
            "description": "描述：合同工期中的计划日期和工期总日历天数不同。\n不同之处的位置：合同协议书第2页。\n盖章前：计划开始工作日期：202 年 01 月 0 日；计划开始现场施工日期：202 年 02 月 0 日；计划竣工日期：202 年 01 月 0 日；工期总日历天数： 天。\n盖章后：计划开始工作日期：2023年01月15日；计划开始现场施工日期：2023年02月20日；计划竣工日期：2023年07月14日；工期总日历天数：180天。\n类别：数字变更"
        },
        {
            "description": "描述：联合体成员信息不同。\n不同之处的位置：合同协议书末尾签字部分（约第5-6页）。\n盖章前：承包人（联合体成员）统一社会信用代码、地址、法定代表人等信息空白。\n盖章后：填写联合体成员具体信息，如统一社会信用代码：[具体代码]；地址：[具体地址]；法定代表人：[具体姓名]等。\n类别：内容缺失"
        }
    ]
}